{
    "total_accesses": 3,
    "hits": 2,
    "misses": 1,
    "hit_rate": 0.6666666666666666,
    "miss_rate": 0.3333333333333333,
    "amat": 4.333333333333333
}